﻿<?xml version="1.0" encoding="UTF-8"?>
<addon id="repository.alleyezonme" name="[B]All Eyez On Me Repository[/B]" version="04.22.18" provider-name="Tupac">
	<extension point="xbmc.addon.repository" name="All Eyez On Me Repository">
		<dir>
			<info compressed="false">https://raw.githubusercontent.com/totalrevolution/python-koding/master/zips/addons.xml</info>
			<checksum>https://raw.githubusercontent.com/totalrevolution/python-koding/master/zips/addons.xml.md5</checksum>
			<datadir zip="true">https://raw.githubusercontent.com/totalrevolution/python-koding/master/zips/</datadir>
		</dir>	
		<dir>	
			<info compressed="false">https://raw.githubusercontent.com/covenantkodi/repository.colossus/master/addons.xml</info>
			<checksum>https://raw.githubusercontent.com/covenantkodi/repository.colossus/master/addons.xml.md5</checksum>
			<datadir zip="true">https://raw.githubusercontent.com/covenantkodi/repository.colossus/master/</datadir>
		</dir>
		<dir>
			<info compressed="false">https://github.com/tvaddonsco/tva-resolvers-repo/raw/master/addons.xml</info>
			<checksum>https://github.com/tvaddonsco/tva-resolvers-repo/raw/master/addons.xml.md5</checksum>
			<datadir zip="true">https://github.com/tvaddonsco/tva-resolvers-repo/raw/master/zips/</datadir>
		</dir>	
		<dir>
			<info compressed="false">https://raw.githubusercontent.com/XvBMC/repository.xvbmc/master/Dependencies/xvbmc-addons.xml</info>
			<checksum>https://raw.githubusercontent.com/XvBMC/repository.xvbmc/master/Dependencies/xvbmc-addons.xml.md5</checksum>
			<datadir zip="true">https://raw.githubusercontent.com/XvBMC/repository.xvbmc/master/Dependencies/zips/</datadir>
			<hashes>false</hashes>
		</dir>	
		<dir>
			<info compressed="false">https://raw.githubusercontent.com/jsergio123/zips/master/addons.xml</info>
			<checksum>https://raw.githubusercontent.com/jsergio123/zips/master/addons.xml.md5</checksum>
			<datadir zip="true">https://raw.githubusercontent.com/jsergio123/zips/master/</datadir>
		</dir>
		<dir>
			<info compressed="false">https://raw.githubusercontent.com/teamuniversal/scrapers/master/_modules4all/zips/addons.xml</info>
			<checksum>https://raw.githubusercontent.com/teamuniversal/scrapers/master/_modules4all/zips/addons.xml.md5</checksum>
			<datadir zip="true">https://raw.githubusercontent.com/teamuniversal/scrapers/master/_modules4all/zips/</datadir>
		</dir>		
		<info compressed="false">http://91.134.207.154/~daffysli/addons.xml</info>
		<checksum>http://91.134.207.154/~daffysli/addons.xml.md5</checksum>
		<datadir zip="true">http://91.134.207.154/~daffysli/zips/</datadir>					
	</extension>
	<extension point="xbmc.addon.metadata">
		<summary>All eyez on me addon and other addons hosted here.</summary>
		<description>Download and install Alleyezonme addon and others, if you want your addon/wizard/build adding, get in touch.</description>
		<platform>all</platform>
	</extension>
</addon>


