<?xml version="1.0" encoding="UTF-8" standalone="yes"?>
<addon id="repository.wachtv" name="WACHTV REPO" version="1.0.0" provider-name="WAPITO">
	<extension point="xbmc.addon.repository" name="WACHTV ADDON">
		<info compressed="false">http://raw.github.com/wachtv/wachtvrepo/master/addons.xml</info>
		<checksum>http://raw.github.com/wachtv/wachtvrepo/master/addons.xml.md5</checksum>
		<datadir zip="true">http://github.com/wachtv/wachtvrepo/raw/master/zips</datadir>
	</extension>
	<extension point="xbmc.addon.metadata">
		<summary></summary>
		<description>ACTUALIZACION WACHTV</description>
		<platform>all</platform>
	</extension>
</addon>


