<arrakis>
    <livesports>
        <dir>
            <title>Sports Channels (Jen Live Team)</title>
            <meta>
                <summary>Live Feeds via the Airtable maintained by the Jen Live Team</summary>
            </meta>
            <arraki_air>YXBwcHg3TkVOeFNhcU1rTTV8U3BvcnRzX2NoYW5uZWxzfDcwMHxjaGFubmVsfE5vbmV8a2V5T0hheHNUR3pIVTlFRWg=</arraki_air>
        </dir>

        <dir>
            <title>HesGoal Live Feeds</title>
            <meta>
                <title>HesGoal Live Feeds</title>
                <summary>Live Feeds via the HesGoal Plugin</summary>
            </meta>
            <hesgoal>games</hesgoal>
        </dir>

        <dir>
            <title>Sports Live TV</title>
            <meta>
                <title>Sports Live TV</title>
                <summary>Live Sports Channel Feeds</summary>
            </meta>
            <swift>swiftcategory/36</swift>
        </dir>

        <dir>
            <title>Sports Streams Live Feeds</title>
            <meta>
                <title>Sports Streams Live Feeds</title>
                <summary>Live Feeds via the Sports Streams Plugin</summary>
            </meta>
            <sport_stream>games</sport_stream>
        </dir>
    </livesports>
</arrakis>
