<addon id="repository.cyberxnuke" name="CYBERxNUKE Repository" version="1.2" provider-name="CYBERxNUKE">
<extension point="xbmc.addon.repository" name="CYBERxNUKE Addon Repository">
<info compressed="true">https://github.com/CYBERxNUKE/xbmc-addon/raw/master/addons.xml</info>
<checksum>https://github.com/CYBERxNUKE/xbmc-addon/raw/master/addons.xml</checksum>
<datadir zip="true">https://github.com/CYBERxNUKE/xbmc-addon/raw/master/</datadir>
		<dir>
			<info compressed="false">https://github.com/tvaddonsco/tva-resolvers-repo/raw/master/addons.xml</info>
			<checksum>https://github.com/tvaddonsco/tva-resolvers-repo/raw/master/addons.xml.md5</checksum>
			<datadir zip="true">https://github.com/tvaddonsco/tva-resolvers-repo/raw/master/zips/</datadir>
		</dir>	
	</extension>

<extension point="xbmc.addon.metadata">
<summary>CYBERxNUKE Repository</summary>
<description>CYBERxNUKE Repository</description>
<platform>all</platform>
</extension>
</addon>