<addon id="repository.beerkeeper" name="beerkeeper's Repository" version="1.0" provider-name="beerkeeper">
<extension point="xbmc.addon.repository" name="beerkeeper Addon Repository">
<info compressed="true">https://raw.githubusercontent.com/beerkeeper/xbmc-repo/master/addons.xml</info>
<checksum>https://raw.githubusercontent.com/beerkeeper/xbmc-repo/master/addons.xml.md5</checksum>
<datadir zip="true">https://raw.githubusercontent.com/beerkeeper/xbmc-repo/master/</datadir>
</extension>
<extension point="xbmc.addon.metadata">
<summary>beerkeeper's Repository</summary>
<description>beerkeeper's Repository</description>
<platform>all</platform>
</extension>
</addon>