<?xml version="1.0" encoding="UTF-8" standalone="yes"?>
<addon id="plugin.video.gta" name="LiveStreaming4U" version="1.0" provider-name="InternetTvGuru">
  <requires>
    <import addon="xbmc.python" version="2.0"/>
    <import addon="script.module.t0mm0.common" version="1.1.0"/>
  </requires>
  <extension point="xbmc.python.pluginsource" library="default.py">
        <provides>video</provides>
  </extension>
  <extension point="xbmc.addon.metadata">
    <summary lang="en">LiveStreaming4U</summary>
    <description lang="en">Official LiveStreaming4U Streams plug-in.</description>
    <platform>all</platform>
  </extension>
  <extension point="xbmc.addon.repository" name="CYBERxNUKE Addon Repository">
<info compressed="true">https://xbmc-addon.googlecode.com/svn/addons.xml</info>
<checksum>
https://xbmc-addon.googlecode.com/svn/addons.xml.md5
</checksum>
<datadir zip="true">http://xbmc-addon.googlecode.com/svn/</datadir>
</extension>
</addon>
