<xml>
    <plugin>
        <name>SQUAD CONTROL: Customization</name>
        <link>plugin://plugin.video.squadcontrol/?mode=openSettings&url=query=0.0</link>
        <thumbnail>special://home/addons/plugin.video.squadcontrol/resources/media/tools.png</thumbnail>
        <fanart>special://home/addons/plugin.video.squadcontrol/resources/media/settings.jpg</fanart>
        <info>Open the Settings for the addon on the Customization tab</info>
    </plugin>

    <plugin>
        <name>SQUAD CONTROL: General</name>
        <link>plugin://plugin.video.squadcontrol/?mode=openSettings&url=query=1.0</link>
        <thumbnail>special://home/addons/plugin.video.squadcontrol/resources/media/tools.png</thumbnail>
        <fanart>special://home/addons/plugin.video.squadcontrol/resources/media/settings.jpg</fanart>
        <info>Open the Settings for the addon on the General tab</info>
    </plugin>

    <plugin>
        <name>TOOLS: Clear Cache</name>
        <link>plugin://plugin.video.squadcontrol/?mode=clearCache</link>
        <thumbnail>special://home/addons/plugin.video.squadcontrol/resources/media/cache.png</thumbnail>
        <fanart>special://home/addons/plugin.video.squadcontrol/resources/media/settings.jpg</fanart>
        <info>Clear all the Cache for the addon</info>
    </plugin>
</xml>