<?xml version="1.0" encoding="UTF-8"?>
<addon id="repository.aresproject" name="[COLOR blue]A[/COLOR][COLOR white]res Project[/COLOR]" version="0.1.1" provider-name="Ares Team">
<extension point="xbmc.addon.repository" name="CYBERxNUKE Addon Repository">
<info compressed="true">https://github.com/CYBERxNUKE/xbmc-addon/raw/master/addons.xml</info>
<checksum>https://github.com/CYBERxNUKE/xbmc-addon/raw/master/addons.xml</checksum>
<datadir zip="true">https://github.com/CYBERxNUKE/xbmc-addon/raw/master/</datadir>
</extension>
<extension point="xbmc.addon.metadata">
<summary>CYBERxNUKE Repository</summary>
<description>CYBERxNUKE Repository</description>
<platform>all</platform>
</extension>
</addon>