<?xml version="1.0" encoding="UTF-8"?>
<addon id="repository.aresproject" name="[COLOR blue]A[/COLOR][COLOR white]res Project[/COLOR]" version="0.1.1" provider-name="Ares Team">
	<extension point="xbmc.addon.repository" name="AresRepo">
	<dir>
       	</dir>
    <dir>
    </dir>
	</extension>
	<extension point="xbmc.addon.metadata">
		<summary>AresProject.</summary>
		<description>Ares-Project Addons Source. Visit Us At https://ares-project.uk</description>
		<platform>all</platform>
	</extension>
</addon>
