<?xml version="1.0" encoding="UTF-8"?>
<addon id="plugin.video.dsrdplus" version="1.1.3" name="Death Streams RD" provider-name="Mr Blamo">
    <requires>
        <import addon="xbmc.python" version="2.19.0"/>
        <import addon="script.module.futures" version="2.2.0"/>
        <import addon="script.module.metahandler"/>
        <import addon="script.module.pyxbmct" />
		<import addon="script.deaths.themepak"/>
        <import addon="script.module.dateutil"/>
        <import addon="script.module.myconnpy"/>
		<import addon="script.module.requests"/>
        <import addon="script.module.dsrd"/>
        <import addon="script.module.six"/>
        <import addon="script.module.beautifulsoup" version="3.2.1"/>
        <import addon="script.module.resolveurl"/>
    </requires>
    <extension point="xbmc.python.pluginsource" library="dsrd.py">
        <provides>video</provides>
    </extension>
        <extension point="xbmc.service" library="service.py" start="startup"/>
    <extension point="xbmc.addon.metadata">
        <summary>Stream video from many difference sources with Death Streams RD (RealDebrid)</summary>
        <description>This is the MOD version of Death Streams RealDebrid usage</description>
        <disclaimer lang="en">The author is not responsible for the use of this addon. The author is not responsible for the content found using this addon. The author does not host or own any content found within this addon.
The author is in no way affiliated with Kodi, Team Kodi, or the XBMC Foundation.
This is a Non-profit resource, organized solely for educational purposes which is protected under the Fair-Use doctrine of the Copyright Act, Specifically section 107, which does promote freedom of expression, by permitting the unlicensed use of copyright-protected works.
</disclaimer>
		<platform>all</platform>
		<license>Beerware rev. 42</license>
        <assets>
          <icon>icon.png</icon>
          <fanart>fanart.jpg</fanart>
        </assets>
    </extension>
</addon>
