<?xml version="1.0" encoding="UTF-8" standalone="yes"?>
<addon id="plugin.video.CYBERxNUKE"
       name="CYBERxNUKE"
       version="1.2"
       provider-name="CYBERxNUKE">
  <requires>
    <import addon="xbmc.python" version="2.1.0"/>
    <import addon="script.module.beautifulsoup" version="3.2.1"/>
    <import addon="script.module.simple.downloader" version="0.9.4"/>
    <import addon="script.module.beautifulsoup4" />
    <import addon="script.module.requests" />
    <import addon="script.module.httplib2" />
    <import addon="script.module.youtube.dl" optional="true"/>
    <import addon="plugin.video.youtube" optional="true" />
    <import addon="script.module.urlresolver" optional="true"/>
    <import addon="script.module.simplejson" />
	<import addon="script.module.livestreamer" optional="true"/>
  </requires>
  <extension point="xbmc.python.pluginsource" library="default.py">
    <provides>video</provides>
  </extension>
  	<extension point="xbmc.addon.repository" name="CYBERxNUKE Addon Repository">
		<info compressed="true">https://github.com/CYBERxNUKE/xbmc-addon/raw/master/addons.xml</info>
		<checksum>https://github.com/CYBERxNUKE/xbmc-addon/raw/master/addons.xml</checksum>
		<datadir zip="true">https://github.com/CYBERxNUKE/xbmc-addon/raw/master/</datadir>
	</extension>
    <extension point="xbmc.addon.repository" name=".Kodil  Repository ">
        <info compressed="false">https://raw.githubusercontent.com/kodil/kodil/master/addons.xml</info>
        <checksum>https://raw.githubusercontent.com/kodil/kodil/master/addons.xml.md5</checksum>
        <datadir zip="true">https://raw.githubusercontent.com/kodil/kodil/master/repo</datadir>
    </extension>
  <extension point="xbmc.addon.metadata">
    <summary>based on livestreamspro 2.3.4 by Shani</summary>
    <description>Private Live Channels by CYBERxNUKE.</description>
    <platform>all</platform>
  </extension>
</addon>
