<?xml version="1.0" encoding="UTF-8"?>
<addon
  id="plugin.video.SportsDevil"
  version="2017.06.30.NL"
  name="SportsDevil"
  provider-name="MaxMustermann, Al101, Hubbab3, Jairox, Sattekop">
  <requires>
   <import addon="xbmc.python" version="2.14.0"/>
   <import addon="script.module.dateutil" />
   <import addon="script.module.simplejson" />
   <import addon="script.module.six" />
   <import addon="script.module.requests" />
   <import addon="script.module.livestreamer" />
   <!--<import addon="script.video.F4mProxy" />
   <import addon="plugin.video.f4mTester" />-->
  </requires>
  <extension 
    point="xbmc.python.pluginsource"
    library="default.py">
   <provides>video</provides>
  </extension>
  <extension point="xbmc.service" library="service/proxy_service.py" start="startup" />
  <extension point="xbmc.addon.metadata">
    <summary>Play videos of different ad-financed sports streaming sites</summary>
    <description>Play videos of different ad-financed sports streaming sites.
    
SportsDevil does not provide any streams of its own; stream quality, content and copyright are responsibility of the ad-financed source web site.
    
For updates check the readme.
    </description>
    <license>GNU GENERAL PUBLIC LICENSE. Version 2, June 1991</license>
    <platform>all</platform>
  </extension>
</addon>
