<?xml version="1.0.1" encoding="UTF-8" standalone="yes"?>
<addon id="repository.ukturk" name="UKTurk Addon Repository" version="1.0.8" provider-name="UKTurk">
    <extension point="xbmc.addon.repository" name="UKTurk Addon Repository">
    <dir>
        <info compressed="false">https://raw.githubusercontent.com/jsergio123/zips/master/addons.xml</info>
        <checksum>https://raw.githubusercontent.com/jsergio123/zips/master/addons.xml.md5</checksum>
        <datadir zip="true">https://raw.githubusercontent.com/jsergio123/zips/master/</datadir>
    </dir>
        <info compressed="false">https://addoncloud.org/ukturk/install/repo/addons.xml</info>
        <checksum>https://addoncloud.org/ukturk/install/repo/addons.xml.md5</checksum>
        <datadir zip="true">https://addoncloud.org/ukturk/install/repo/</datadir>
    </extension>
    <extension point="xbmc.addon.metadata">
            <summary>Install UKTurk</summary>
            <description>Install UKTurk</description>
            <platform>all</platform>
    </extension>
</addon>
