﻿<?xml version="1.0" encoding="UTF-8" standalone="yes" ?>

<addon id="repository.superrepo.org.gotham.repositories" name="SuperRepo Repositories "version="0.5.207" provider-name="Bart Otten">

<requires>

<import addon="xbmc.addon" version="12.0.0" />

</requires>
<extension point="xbmc.addon.repository" name="SuperRepo Repositories">
<info compressed="false">http://xml.superrepo.org/v5/.xml/gotham/repositories/addons.xml</info>

<checksum>http://md5.superrepo.org/v5/.md5/gotham/repositories/addons.xml.md5</checksum>
<datadir zip="true">http://redirect.superrepo.org/v5/addons/</datadir>
<hashes>true</hashes>

</extension>

<extension point="xbmc.addon.metadata">

<summary>A list of SuperRepo.org Repositories</summary>
<description>Install repositories with ease using the SuperRepo Repositories List. Go to Settings >> Addons >> SuperRepo Repositories List >> Addon Repositories.</description>
<disclaimer>The repository is maintained by the Kodi community and our generator fetches addons from multiple sources. Therefore SuperRepo accepts no responsibility for included addons.[CR]</disclaimer>

<platform>all</platform>
<website>https://superrepo.org/</website>
</extension>

</addon>
