<?xml version="1.0" encoding="utf-8"?>
<window>
	<allowoverlay>no</allowoverlay>
	<coordinates>
		<system>1</system>
		<posx>0</posx>
		<posy>0</posy>
	</coordinates>
	<controls>
        <control type="image">
            <description>workaround for texture not being loaded</description>
            <posx>-10000</posx>
            <texture>tvguide-program-red.png</texture>
        </control>
        <control type="image">
            <description>workaround for texture not being loaded</description>
            <posx>-10000</posx>
            <texture>tvguide-program-red-focus.png</texture>
        </control>

        <!-- Background -->
		<control type="image" id="4600">
			<posx>0</posx>
			<posy>0</posy>
			<width>1280</width>
			<height>720</height>
            <texture>tvguide-background-default.jpg</texture>
            <fadetime>500</fadetime>
            <animation type="Conditional" condition="Control.IsVisible(5000)">
                <effect type="fade" start="100" end="0" time="500" />
            </animation>
		</control>

        <!-- MAIN MENU HOLDER -->
        <control type="image">
                    <description>Categories</description>
                    <posx>3</posx>
                    <posy>3</posy>
                    <width>1274</width>
                    <height>50</height>
                    <texture>mainmenu_static.png</texture>
         </control>

        <!-- Blue Program Info Box -->
        <control type="image">
                    <description>Categories</description>
                    <posx>230</posx>
                    <posy>530</posy>
                    <width>684 </width>
                    <height>158</height>
                    <texture>infobox.png</texture>
         </control>

        <!-- Now Playing Bottom Right Corner Box -->
        <control type="image">
                    <description>Now Playing</description>
                    <posx>948</posx>
                    <posy>530</posy>
                    <width>281</width>
                    <height>158</height>
                    <texture>nowplaying.png</texture>
         </control>

        <control type="label" id="5000">
            <description>visibility marker for TV Guide group</description>
        </control>
        <control type="group">
            <description>TV Guide group</description>
            <posx>0</posx>
            <posy>0</posy>
            <width>1280</width>
            <height>720</height>
            <visible>!Control.IsVisible(5000)</visible>

            <control type="button" id="5001">
                <description>marker for EPG data view - should be hidden!</description>
                <posx>230</posx>
                <posy>114</posy>
                <width>1000</width>
                <height>400</height>
                <visible>false</visible>
            </control>

            <!-- Date and time row -->
            <control type="group">
                <posx>30</posx>
                <posy>15</posy>
                <width>1280</width>
                <height>50</height>
                <visible>true</visible>

                <control type="label" id="4000">
                    <description>Displays todays date</description>
                    <posx>0</posx>
                    <posy>45</posy>
                    <width>190</width>
                    <height>50</height>
                    <textcolor>ffffff00</textcolor>
                    <font>osd2</font>
                    <align>center</align>
                    <aligny>center</aligny>
                </control>

                <!-- Horizontal Rule -->
                 <control type="image">
                    <description>Horizontal Rule</description>
                    <posx>0</posx>
                    <posy>88</posy>
                    <width>1280</width>
                    <height>2</height>
                    <texture>rule.png</texture>
                </control>



                <!-- HALF HOUR TIMES -->
                <control type="label" id="4001">
                    <description>1st half hour column</description>
                    <posx>200</posx>
                    <posy>45</posy>
                    <width>270</width>
                    <height>50</height>
                    <textcolor>ffffffff</textcolor>
                    <font>osd2</font>
                    <aligny>center</aligny>
                </control>
                <control type="label" id="4002">
                    <description>2nd half hour column</description>
                    <posx>445</posx>
                    <posy>45</posy>
                    <width>270</width>
                    <height>50</height>
                    <textcolor>ffffffff</textcolor>
                    <font>osd2</font>
                    <aligny>center</aligny>
                </control>
                <control type="label" id="4003">
                    <description>3rd half hour column</description>
                    <posx>695</posx>
                    <posy>45</posy>
                    <width>270</width>
                    <height>50</height>
                    <textcolor>ffffffff</textcolor>
                    <font>osd2</font>
                    <aligny>center</aligny>
                </control>
                <control type="label" id="4004">
                    <description>4th half hour column</description>
                    <posx>945</posx>
                    <posy>45</posy>
                    <width>270</width>
                    <height>50</height>
                    <textcolor>ffffffff</textcolor>
                    <font>osd2</font>
                    <aligny>center</aligny>
                </control>
            </control>

            <!-- Channels column -->
            <control type="group">
                <posx>40</posx>
                <posy>114</posy>
                <width>190</width>
                <height>400</height>
                <visible>true</visible>

                <!-- text labels -->
                <control type="label" id="4010">
                    <description>1st channel</description>
                    <posx>145</posx>
                    <posy>0</posy>
                    <width>170</width>
                    <height>50</height>
                    <textcolor>ff6aa6cb</textcolor>
                    <font>rss</font>
                    <align>right</align>
                    <aligny>center</aligny>
                    <visible>StringCompare(Control.GetLabel(4110),)</visible>
                </control>
                <control type="label" id="4011">
                    <description>2nd channel</description>
                    <posx>145</posx>
                    <posy>50</posy>
                    <width>170</width>
                    <height>50</height>
                    <textcolor>ff6aa6cb</textcolor>
                    <font>rss</font>
                    <align>right</align>
                    <aligny>center</aligny>
                    <visible>StringCompare(Control.GetLabel(4111),)</visible>
                </control>
                <control type="label" id="4012">
                    <description>3rd channel</description>
                    <posx>145</posx>
                    <posy>100</posy>
                    <width>170</width>
                    <height>50</height>
                    <textcolor>ff6aa6cb</textcolor>
                    <font>rss</font>
                    <align>right</align>
                    <aligny>center</aligny>
                    <visible>StringCompare(Control.GetLabel(4112),)</visible>
                </control>
                <control type="label" id="4013">
                    <description>4th channel</description>
                    <posx>145</posx>
                    <posy>150</posy>
                    <width>170</width>
                    <height>50</height>
                    <textcolor>ff6aa6cb</textcolor>
                    <font>rss</font>
                    <align>right</align>
                    <aligny>center</aligny>
                    <visible>StringCompare(Control.GetLabel(4113),)</visible>
                </control>
                <control type="label" id="4014">
                    <description>5th channel</description>
                    <posx>145</posx>
                    <posy>200</posy>
                    <width>170</width>
                    <height>50</height>
                    <textcolor>ff6aa6cb</textcolor>
                    <font>rss</font>
                    <align>right</align>
                    <aligny>center</aligny>
                    <visible>StringCompare(Control.GetLabel(4114),)</visible>
                </control>
                <control type="label" id="4015">
                    <description>6th channel</description>
                    <posx>145</posx>
                    <posy>250</posy>
                    <width>170</width>
                    <height>50</height>
                    <textcolor>ff6aa6cb</textcolor>
                    <font>rss</font>
                    <align>right</align>
                    <aligny>center</aligny>
                    <visible>StringCompare(Control.GetLabel(4115),)</visible>
                </control>
                <control type="label" id="4016">
                    <description>7th channel</description>
                    <posx>145</posx>
                    <posy>300</posy>
                    <width>170</width>
                    <height>50</height>
                    <textcolor>ff6aa6cb</textcolor>
                    <font>rss</font>
                    <align>right</align>
                    <aligny>center</aligny>
                    <visible>StringCompare(Control.GetLabel(4116),)</visible>
                </control>
                <control type="label" id="4017">
                    <description>8th channel</description>
                    <posx>145</posx>
                    <posy>350</posy>
                    <width>170</width>
                    <height>50</height>
                    <textcolor>ff6aa6cb</textcolor>
                    <font>rss</font>
                    <align>right</align>
                    <aligny>center</aligny>
                    <visible>StringCompare(Control.GetLabel(4117),)</visible>
                </control>
                <control type="label" id="4018">
                    <description>9th channel</description>
                    <posx>145</posx>
                    <posy>400</posy>
                    <width>170</width>
                    <height>50</height>
                    <textcolor>ff6aa6cb</textcolor>
                    <font>rss</font>
                    <align>right</align>
                    <aligny>center</aligny>
                    <visible>StringCompare(Control.GetLabel(4118),)</visible>
                </control>

                <!-- logo images -->
                <control type="image" id="4110">
                    <description>1st channel</description>
                    <posx>5</posx>
                    <posy>0</posy>
                    <width>160</width>
                    <height>45</height>
                    <aspectratio>keep</aspectratio>
                    <visible>!StringCompare(Control.GetLabel(4110),)</visible>
                </control>
                <control type="image" id="4111">
                    <description>2nd channel</description>
                    <posx>5</posx>
                    <posy>50</posy>
                    <width>160</width>
                    <height>45</height>
                    <aspectratio>keep</aspectratio>
                    <visible>!StringCompare(Control.GetLabel(4111),)</visible>
                </control>
                <control type="image" id="4112">
                    <description>3rd channel</description>
                    <posx>5</posx>
                    <posy>100</posy>
                    <width>160</width>
                    <height>45</height>
                    <aspectratio>keep</aspectratio>
                    <visible>!StringCompare(Control.GetLabel(4112),)</visible>
                </control>
                <control type="image" id="4113">
                    <description>4th channel</description>
                    <posx>5</posx>
                    <posy>150</posy>
                    <width>160</width>
                    <height>45</height>
                    <aspectratio>keep</aspectratio>
                    <visible>!StringCompare(Control.GetLabel(4113),)</visible>
                </control>
                <control type="image" id="4114">
                    <description>5th channel</description>
                    <posx>5</posx>
                    <posy>200</posy>
                    <width>160</width>
                    <height>45</height>
                    <aspectratio>keep</aspectratio>
                    <visible>!StringCompare(Control.GetLabel(4114),)</visible>
                </control>
                <control type="image" id="4115">
                    <description>6th channel</description>
                    <posx>5</posx>
                    <posy>250</posy>
                    <width>160</width>
                    <height>45</height>
                    <aspectratio>keep</aspectratio>
                    <visible>!StringCompare(Control.GetLabel(4115),)</visible>
                </control>
                <control type="image" id="4116">
                    <description>7th channel</description>
                    <posx>5</posx>
                    <posy>300</posy>
                    <width>160</width>
                    <height>45</height>
                    <aspectratio>keep</aspectratio>
                    <visible>!StringCompare(Control.GetLabel(4116),)</visible>
                </control>
                <control type="image" id="4117">
                    <description>8th channel</description>
                    <posx>5</posx>
                    <posy>350</posy>
                    <width>160</width>
                    <height>45</height>
                    <aspectratio>keep</aspectratio>
                    <visible>!StringCompare(Control.GetLabel(4117),)</visible>
                </control>
                <control type="image" id="4118">
                    <description>9th channel</description>
                    <posx>5</posx>
                    <posy>400</posy>
                    <width>160</width>
                    <height>45</height>
                    <aspectratio>keep</aspectratio>
                    <visible>!StringCompare(Control.GetLabel(4118),)</visible>
                </control>
            </control>

<!-- PROGRAM DESCRIPTION BOX BOTTOM OF EPG -->

            <control type="label" id="4020">
                <description>Program title</description>
                <posx>242</posx>
                <posy>525</posy>
                <width>430</width>
                <height>50</height>
                <textcolor>ffffff00</textcolor>
                <font>osd2</font>
                <aligny>center</aligny>
                <scroll>true</scroll>
                <wrapmultiline>false</wrapmultiline>
            </control>
            <control type="image" id="4024">
                <description>Channel logo</description>
                <posx>70</posx>
                <posy>600</posy>
                <width>134</width>
                <height>80</height>
                <aspectratio>keep</aspectratio>
                <fadetime>500</fadetime>
                <visible>false</visible><!-- unused in default skin -->
            </control>

<!-- CURRENT PROGRAM TIME INDICATOR -->
                <control type="label" id="4021">
                    <description>Program time</description>
                    <posx>902</posx>
                    <posy>525</posy>
                    <width>270</width>
                    <height>50</height>
                    <textcolor>ffffff00</textcolor>
                    <font>osd2</font>
                    <wrapmultiline>true</wrapmultiline>
                    <align>right</align>
                    <aligny>center</aligny>
                </control>

            <control type="textbox" id="4022">
                <description>Program description</description>
                <posx>242</posx>
                <posy>577</posy>
                <width>660</width>
                <height>95</height>
                <textcolor>ffffffff</textcolor>
                <font>tvg_font12</font>
                <wrapmultiline>true</wrapmultiline>
                <autoscroll time="3600" delay="6000" repeat="6000">true</autoscroll>
            </control>

            <!-- TIMEBAR -->
            <control type="image" id="4100">
                <posx>230</posx>
                <posy>114</posy>
                <width>-43</width><!-- Needs to be mirrored on image and inverted here to avoid edge-bleed invertion -->
                <height>398</height>
                <texture>tvguide-timebar.png</texture>
            </control>

            <control type="label" id="4200">
                <description>visibility marker for loading group</description>
            </control>
            <control type="group">
                <posx>340</posx>
                <posy>250</posy>
                <width>600</width>
                <height>55</height>
                <visible>!Control.IsVisible(4200)</visible>
                <animation effect="fade" start="0" end="100" time="250" delay="1500">Visible</animation>

                <control type="image">
                    <description>loading splash</description>
                    <posx>0</posx>
                    <posy>0</posy>
                    <width>55</width>
                    <height>55</height>
                    <texture>tvguide-loading.gif</texture>
                </control>
                <control type="label">
                    <description>loading splash</description>
                    <posx>70</posx>
                    <posy>0</posy>
                    <width>600</width>
                    <height>55</height>
                    <label>$ADDON[script.tvgnuke 30001]</label>
                    <textcolor>ffffffff</textcolor>
                    <font>font30</font>
                    <aligny>center</aligny>
                </control>
                <control type="progress" id="4201">
                    <posx>70</posx>
                    <posy>50</posy>
                    <width>580</width>
                    <height>2</height>
                    <texturebg />
                    <lefttexture />
                    <midtexture>tvguide-white-progress.png</midtexture>
                    <righttexture />
                </control>
                <control type="label" id="4202">
                    <description>loading time left</description>
                    <posx>70</posx>
                    <posy>50</posy>
                    <width>600</width>
                    <height>50</height>
                    <label>...</label>
                    <textcolor>ffffffff</textcolor>
                    <font>tvg_font13</font>
                    <aligny>center</aligny>
                </control>
                <control type="button" id="4203">
                    <posx>70</posx>
                    <posy>100</posy>
                    <width>150</width>
                    <height>50</height>
                    <label>$ADDON[script.tvgnuke 30008]</label>
                    <textcolor>ffffffff</textcolor>
                    <font>tvg_font13</font>
                    <aligny>center</aligny>
                    <align>center</align>
                    <texturefocus>tvguide-program-grey-focus.png</texturefocus>
                    <texturenofocus>tvguide-program-grey.png</texturenofocus>
                </control>

            </control>


<!-- TOUCH AND MOUSE CONTROL INDICATOR AREA -->

            <control type="label" id="4300">
                <description>visibility marker for mouse control group</description>
                <posx>0</posx>
                <posy>0</posy>
                <width>50</width>
                <height>50</height>
            </control>
            <control type="group">
                <posx>0</posx>
                <posy>0</posy>
                <width>1280</width>
                <height>70</height>
                <visible>!Control.IsVisible(4300)</visible>
                <animation effect="slide" start="0,10" end="0,10" time="500">Visible</animation>
                <animation effect="slide" start="0,10" end="0,10" time="500">Hidden</animation>
                <visible>false</visible>

<!-- BEGIN TOUCH SCREEN CONTROLS -->
               <control type="image">
                    <posx>50</posx>
                    <posy>0</posy>
                    <width>1178</width>
                    <height>36</height>
                    <texture>tvguide-glasspane-none.png</texture>
                </control>
                <control type="label">
                    <posx>78</posx>
                    <posy>652</posy>
                    <width>150</width>
                    <height>50</height>
                    <label>Navigation</label>
                    <textcolor>ffffffff</textcolor>
                    <font>DefaultCaps</font>
                    <aligny>center</aligny>
                </control>
                <control type="label">
                    <posx>749</posx>
                    <posy>-7</posy>
                    <width>420</width>
                    <height>50</height>
                    <label>Tip! You can also use the Mouse & Scroll Wheel</label>
                    <textcolor>ffffffff</textcolor>
                    <font>DefaultCaps</font>
                    <aligny>center</aligny>
					<visible>false</visible>
                </control>

                <control type="button" id="4301">
                    <description>navigate to now</description>
                    <posx>90</posx>
                    <posy>565</posy>
                    <width>64</width>
                    <height>64</height>
                    <label></label>
                    <textcolor>ffffffff</textcolor>
                    <font>DefaultCaps</font>
                    <aligny>center</aligny>
                    <align>center</align>
                    <texturefocus>tvguide-touch_now_focus.png</texturefocus>
                    <texturenofocus>tvguide-touch_now.png</texturenofocus>
                </control>

                <control type="button" id="4302">
                    <description>navigate left</description>
                    <posx>58</posx>
                    <posy>574</posy>
                    <width>32</width>
                    <height>43</height>
                    <textcolor>ffffffff</textcolor>
                    <font>DefaultCaps</font>
                    <label></label>
                    <aligny>center</aligny>
                    <align>center</align>
                    <texturefocus>tvguide-touch_left_focus.png</texturefocus>
                    <texturenofocus>tvguide-touch_left.png</texturenofocus>
                </control>
                <control type="button" id="4303">
                    <description>navigate up</description>
                    <posx>100</posx>
                    <posy>532</posy>
                    <width>43</width>
                    <height>32</height>
                    <textcolor>ffffffff</textcolor>
                    <font>DefaultCaps</font>
                    <label></label>
                    <aligny>center</aligny>
                    <align>center</align>
                    <texturefocus>tvguide-touch_up_focus.png</texturefocus>
                    <texturenofocus>tvguide-touch_up.png</texturenofocus>
                </control>
                <control type="button" id="4304">
                    <description>navigate down</description>
                    <posx>100</posx>
                    <posy>631</posy>
                    <width>43</width>
                    <height>32</height>
                    <textcolor>ffffffff</textcolor>
                    <font>DefaultCaps</font>
                    <label></label>
                    <aligny>center</aligny>
                    <align>center</align>
                    <texturefocus>tvguide-touch_down_focus.png</texturefocus>
                    <texturenofocus>tvguide-touch_down.png</texturenofocus>
                </control>
                <control type="button" id="4305">
                    <description>navigate right</description>
                    <posx>154</posx>
                    <posy>574</posy>
                    <width>32</width>
                    <height>43</height>
                    <textcolor>ffffffff</textcolor>
                    <font>DefaultCaps</font>
                    <label></label>
                    <aligny>center</aligny>
                    <align>center</align>
                    <texturefocus>tvguide-touch_right_focus.png</texturefocus>
                    <texturenofocus>tvguide-touch_right.png</texturenofocus>
                </control>

                <control type="button" id="4306">
                    <description>exit</description>
                    <posx>1130</posx>
                    <posy>50</posy>
                    <width>97</width>
                    <height>34</height>
                    <textcolor>ffffffff</textcolor>
                    <font>DefaultCaps</font>
                    <label></label>
                    <aligny>center</aligny>
                    <align>center</align>
                    <texturefocus>tvguide-exit-button-focus.png</texturefocus>
                    <texturenofocus>tvguide-exit-button.png</texturenofocus>
                </control>

 <!-- END TOUCH CONTROLS -->

            </control>

        </control><!-- id="5000" -->

        <control type="videowindow">
            <posx>0</posx>
            <posy>0</posy>
            <width>1280</width>
            <height>720</height>
            <animation type="Conditional" condition="!Control.IsVisible(5000)">
                <effect type="zoom" end="21.7" center="1213,678" time="500" />
            </animation>
        </control>

        <control type="label" id="6000">
            <description>visibility marker for OSD Info bar</description>
        </control>

        <control type="group">
            <description>OSD Info bar</description>
            <posx>0</posx>
            <posy>475</posy>
            <width>930</width>
            <height>210</height>
            <visible>!Control.IsVisible(6000)</visible>
            <animation effect="fade" start="0" end="100" time="500">VisibleChange</animation>
<!-- Blue Info Bar on OSD with Time and Title -->
            <control type="image">
                <posx>257.5</posx>
                <posy>0</posy>
                <width>765</width>
                <height>50</height>
                <texture>osd_description_title.png</texture>
            </control>
<!-- Black Info Box on OSD with Description Text -->
            <control type="image">
                <posx>257.5</posx>
                <posy>60</posy>
                <width>765</width>
                <height>130</height>
                <texture>osd_description_bg.png</texture>
            </control>

            <!-- Program description -->
            <control type="label" id="6001">
                <description>Program title</description>
                <posx>274.5</posx>
                <posy>0</posy>
                <width>430</width>
                <height>50</height>
                <label>Title</label>
                <textcolor>ffffff00</textcolor>
                <font>osd2</font>
                <aligny>center</aligny>
            </control>
            <control type="label" id="6002">
                <description>Program time</description>
                <posx>945</posx>
                <posy>0</posy>
                <width>240</width>
                <height>50</height>
                <label>[B]18:00 - 20:00[/B]</label>
                <textcolor>ffffff00</textcolor>
                <font>osd2</font>
                <align>right</align>
                <aligny>center</aligny>
            </control>
            <control type="textbox" id="6003">
                <description>Program description</description>
                <posx>274.5</posx>
                <posy>75</posy>
                <width>732</width>
                <height>95</height>
                <label>Description</label>
                <textcolor>ffffffff</textcolor>
                <font>font15</font>
                <wrapmultiline>true</wrapmultiline>
                <autoscroll time="3600" delay="6000" repeat="6000">true</autoscroll>
            </control>
<!-- Logo Moved to top Left Corner -->
        <control type="image" id="6004">
                <description>Program channel logo</description>
                <posx>545</posx>
                <posy>-60</posy>
                <width>170</width>
                <height>60</height>
                <aspectratio>keep</aspectratio>
        </control>
            <control type="label" id="6005">
                <description>Program channel text</description>
                <posx>250</posx>
                <posy>-60</posy>
                <width>170</width>
                <height>60</height>
                <textcolor>ffffffff</textcolor>
                <font>tvg_font13</font>
                <align>center</align>
                <visible>StringCompare(Control.GetLabel(6004),)</visible>
            </control>

        </control>
        <!-- Blackout -->
        <control type="image" id="9999">
            <posx>0</posx>
            <posy>0</posy>
        <width>1280</width>
        <height>720</height>
            <texture>black.jpg</texture>
            <fadetime>500</fadetime>
    </control>
    </controls>
</window>
