<?xml version="1.0" encoding="utf-8"?>
<window type="dialog">
    <allowoverlay>no</allowoverlay>
    <defaultcontrol always="false">101</defaultcontrol>
    <coordinates>
        <system>1</system>
        <posx>0</posx>
        <posy>0</posy>
    </coordinates>
    <animation effect="fade" start="0" end="100" time="0">WindowOpen</animation>
    <animation effect="fade" start="0" end="0" time="0">WindowClose</animation>
    <controls>
        <control type="label" id="100">
            <description>tabs visibility marker</description>
            <visible>false</visible>
        </control>

<!--- DUMMY MENU START -->

    <!-- MAIN MENU BACKGROUND (FADE OUT OVER WHOLE EPG) -->
        <control type="image">
            <posx>0</posx>
            <posy>0</posy>
            <width>1280</width>
            <height>800</height>
            <texture>bg_fade.png</texture>
        </control>

         <!-- MAIN MENU BG -->       
        <control type="image">
            <posx>3</posx>
            <posy>3</posy>
            <width>1274</width>
            <height>50</height>
            <texture>mainmenu_active.png</texture>
        </control>


    <!-- CATEGORIES Dummy Button (Reverse focus to simulate active status) -->
        <control type="button"> 
            <posx>233</posx><!-- OFFSET 3mm X&Y FROM ORIGINAL BUTTON ON MENU -->
            <posy>9</posy>
            <width>156</width>
            <height>34</height>
            <texturefocus>cats_off.png</texturefocus>
            <texturenofocus>cats_off.png</texturenofocus>
            <onleft>4004</onleft>
            <onright>4003</onright>
            <align>center</align>
            <aligny>center</aligny>
            <font>font15</font>
            <textcolor>ffffffff</textcolor>
            <!-- <label>$ADDON[script.tvgnuke 30309]</label> -->
        </control>


    <!-- CHANNELS Dummy Button (Reverse focus to simulate active status) -->
        <control type="button"> 
            <posx>397</posx>
            <posy>9</posy>
            <width>142</width>
            <height>34</height>
            <texturefocus>channels_off.png</texturefocus>
            <texturenofocus>channels_off.png</texturenofocus>
            <onleft>4005</onleft>
            <onright>4001</onright>
            <align>center</align>
            <aligny>center</aligny>
            <font>font15</font>
            <textcolor>ffffffff</textcolor>
            <textoffsetx>2000</textoffsetx><!-- OFFSET TO HIDE DEFAULT LABELS FROM PYTHON -->
            <textoffsety>2000</textoffsety>
            <!-- <label>$ADDON[script.tvgnuke 30307]</label> -->
            <label></label>
        </control>

        <control type="image"> <!-- DUMMY STREAM SETUP BUTTON -->
            <posx>733</posx>
            <posy>9</posy>
            <width>159</width>
            <height>34</height>
            <texture>choose_on.png</texture>
        </control>

        <control type="image"> <!-- DUMMY WATCH BUTTON -->
            <posx>900</posx>
            <posy>9</posy>
            <width>112</width>
            <height>34</height>
            <texture>watch_off.png</texture>
        </control>

         <control type="image"> <!-- DUMMY REMIND BUTTON -->
            <posx>1020</posx>
            <posy>9</posy>
            <width>115</width>
            <height>34</height>
            <texture>remind_off.png</texture>
        </control>

         <control type="image"> <!-- DUMMY QUIT BUTTON -->
            <posx>1143</posx>
            <posy>9</posy>
            <width>91</width>
            <height>34</height>
            <texture>quit_off.png</texture>
        </control>

<!-- DUMMY MENU END -->

        <control type="image">
            <posx>610</posx>
            <posy>49</posy>
            <width>647</width>
            <height>630</height>
            <texture>setup_bg.png</texture>
        </control>
        <!-- <control type="image">
            <posx>0</posx>
            <posy>0</posy>
            <width>647</width>
            <height>630</height>
            <texture>setup_bg.png</texture>
        </control>
        <control type="image">
            <posx>0</posx>
            <posy>0</posy>
            <width>647</width>
            <height>630</height>
            <texture>setup_bg.png</texture>
        </control 

        <control type="label">
            <posx>253</posx>
            <posy>20</posy>
            <width>174</width>
            <height>40</height>
            <label>$ADDON[script.tvgnuke 30600]</label>
            <align>center</align>
        </control> -->

        <control type="button" id="101"> <!-- .strm File Button -->
            <posx>630</posx>
            <posy>90</posy>
            <width>125</width>
            <height>34</height>
            <align>center</align>
            <aligny>center</aligny>
            <font>font13</font>
            <textcolor>ffffffff</textcolor>
            <!-- <label>$ADDON[script.tvgnuke 30601]</label> -->
            <texturefocus>tab_str_on.png</texturefocus>
            <texturenofocus>tab_str_off.png</texturenofocus>
            <onleft>104</onleft>
            <onright>102</onright>
            <ondown>1001</ondown>
        </control>
        <control type="button" id="102"><!-- Favourites Button -->
            <posx>772</posx>
            <posy>90</posy>
            <width>125</width>
            <height>34</height>
            <align>center</align>
            <aligny>center</aligny>
            <font>font13</font>
            <textcolor>ffffffff</textcolor>
            <!-- <label>$ADDON[script.tvgnuke 30602]</label> -->
            <texturefocus>tab_fav_on.png</texturefocus>
            <texturenofocus>tab_fav_off.png</texturenofocus>
            <onleft>101</onleft>
            <onright>103</onright>
            <ondown>2001</ondown>
        </control>
        <control type="button" id="103"><!-- Addons Button -->
            <posx>913</posx>
            <posy>90</posy>
            <width>125</width>
            <height>34</height>
            <align>center</align>
            <aligny>center</aligny>
            <font>font13</font>
            <textcolor>ffffffff</textcolor>
            <!-- <label>$ADDON[script.tvgnuke 30603]</label> -->
            <texturefocus>tab_add_on.png</texturefocus>
            <texturenofocus>tab_add_off.png</texturenofocus>
            <onleft>102</onleft>
            <onright>104</onright>
            <ondown>3001</ondown>
        </control>
        
        <control type="button" id="104"> <!-- PRESUME THIS IS THE MASHUP BUTTON? -->
            <posx>1055</posx>
            <posy>90</posy>
            <width>125</width>
            <height>34</height>
            <align>center</align>
            <aligny>center</aligny>
            <font>font13</font>
            <textcolor>ffffffff</textcolor>
            <!-- <label>$ADDON[script.tvgnuke 30608]</label> -->
            <texturefocus>mashup_on.png</texturefocus>
            <texturenofocus>mashup_off.png</texturenofocus>
            <onleft>103</onleft>
            <onright>101</onright>
            <ondown>4001</ondown>
        </control>
        
<!-- STREAM SECTION TAB BELOW -->

        <control type="videowindow">
            <posx>650</posx>
            <posy>130</posy>
            <width>600</width>
            <height>330</height>
        </control>

        <control type="group" id="1000"> <!-- .strm Description and Menus -->
            <posx>630</posx>
            <posy>170</posy>
            <width>550</width>
            <height>372</height>
            <visible>StringCompare(Control.GetLabel(100),strm)</visible>

            <control type="textbox"> <!-- .strm text -->
                <posx>0</posx>
                <posy>0</posy>
                <width>550</width>
                <height>80</height>
                <label>$ADDON[script.tvgnuke 30611]</label>
                <wrapmultiline>true</wrapmultiline>
            </control>

            <control type="button" id="1001"> <!-- Stream Browse button -->
                <posx>0</posx>
                <posy>150</posy>
                <width>175</width>
                <height>34</height>
                <!-- <label>$ADDON[script.tvgnuke 30610]</label> -->
                <align>center</align>
                <aligny>center</aligny>
                <font>font13</font>
                <textcolor>ffffffff</textcolor>
                <texturefocus>browse_on.png</texturefocus>
                <texturenofocus>browse_off.png</texturenofocus>
                <onup>101</onup>
                <onright>1002</onright>
                <ondown>1002</ondown>
            </control>

            <control type="textbox" id="1005">
                <posx>0</posx>
                <posy>200</posy>
                <width>550</width>
                <height>80</height>
                <wrapmultiline>true</wrapmultiline>
            </control>

            <control type="button" id="1002"> <!-- PREVIEW BUTTON (STEAMS) -->
                <posx>0</posx>
                <posy>450</posy>
                <width>175</width>
                <height>34</height>
                <align>center</align>
                <aligny>center</aligny>
                <font>font13</font>
                <textcolor>ffffffff</textcolor>
                <!-- <label>$ADDON[script.tvgnuke 30604]</label> -->
                <texturefocus>preview_on.png</texturefocus>
                <texturenofocus>preview_off.png</texturenofocus>
                <onup>101</onup>
                <onleft>1001</onleft>
                <onright>1003</onright>
            </control>

            <control type="button" id="1003"> <!-- SAVE BUTTON (STREAMS) -->
                <posx>580</posx>
                <posy>-75</posy>
                <width>36</width>
                <height>36</height>
                <align>center</align>
                <aligny>center</aligny>
                <font>font13</font>
                <textcolor>ffffffff</textcolor>
                <!-- <label>$ADDON[script.tvgnuke 30605]</label> -->
                <texturefocus>save_focus.png</texturefocus>
                <texturenofocus>save.png</texturenofocus>
                <onup>101</onup>
                <onleft>1002</onleft>
                <onright>1004</onright>
                <ondown>1004</ondown>
            </control>

            <control type="button" id="1004"> <!-- CANCEL BUTTON (STREAMS) -->
                <posx>580</posx>
                <posy>-25</posy>
                <width>36</width>
                <height>36</height>
                <align>center</align>
                <aligny>center</aligny>
                <font>font13</font>
                <textcolor>ffffffff</textcolor>
                <!-- <label>$ADDON[script.tvgnuke 30606]</label> -->
                <texturefocus>cancel_focus.png</texturefocus>
                <texturenofocus>cancel.png</texturenofocus>
                <onup>103</onup>
                <onleft>1002</onleft>
                <ondown>1003</ondown>
            </control>

        </control>

        <control type="group" id="2000"> <!-- FAVOURITES TAB -->
            <posx>630</posx>
            <posy>170</posy>
            <width>550</width>
            <height>372</height>
            <visible>StringCompare(Control.GetLabel(100),favourites)</visible>

            <control type="textbox">
                <posx>0</posx>
                <posy>0</posy>
                <width>550</width>
                <height>80</height>
                <label>$ADDON[script.tvgnuke 30620]</label>
                <wrapmultiline>true</wrapmultiline>
            </control>

            <control type="list" id="2001"> <!-- Favourites List -->
                <posx>0</posx>
                <posy>65</posy>
                <width>550</width>
                <height>372</height>
                <viewtype label="list">list</viewtype>
                <orientation>vertical</orientation>
                <focusposition>7</focusposition>
                <onleft>102</onleft>
                <onright>2002</onright>

                <itemlayout width="550" height="31">
                    <control type="image">
                        <posx>0</posx>
                        <posy>0</posy>
                        <width>550</width>
                        <height>31</height>
                        <!-- <texture>tvguide-program-grey.png</texture>  <!-- Static Background -->
                    </control>
                    <control type="label">
                        <posx>16</posx>
                        <posy>0</posy>
                        <width>550</width>
                        <height>31</height>
                        <aligny>center</aligny>
                        <font>font13</font>
                        <textcolor>ffffffff</textcolor>
                        <info>ListItem.Label</info>
                    </control>
                </itemlayout>
                <focusedlayout width="550" height="31">
                    <control type="image">
                        <posx>0</posx>
                        <posy>0</posy>
                        <width>550</width>
                        <height>31</height>
                        <texture>tvguide-program-grey.png</texture> <!-- Selected Item (off grid) -->
                        <visible>!Control.HasFocus(2001)</visible>
                    </control>
                    <control type="image">
                        <posx>0</posx>
                        <posy>0</posy>
                        <width>560</width>
                        <height>31</height>
                        <texture>red.png</texture> <!-- Selected item (on grid) -->
                        <visible>Control.HasFocus(2001)</visible>
                    </control>
                    <control type="label">
                        <posx>16</posx>
                        <posy>0</posy>
                        <width>550</width>
                        <height>31</height>
                        <aligny>center</aligny>
                        <font>font13</font>
                        <textcolor>ffffffff</textcolor>
                        <info>ListItem.Label</info>
                    </control>
                    <control type="image">
                        <posx>515</posx>
                        <posy>4</posy>
                        <width>22</width>
                        <height>22</height>
                        <texture>tvguide-categories-visible.png</texture>
                    </control>
                </focusedlayout>
            </control>

            <control type="button" id="2002"> <!-- Preview Stream Button (FAVOURITES) -->
                <posx>0</posx>
                <posy>450</posy>
                <width>175</width>
                <height>34</height>cccc
                <align>center</align>
                <aligny>center</aligny>
                <font>font13</font>
                <textcolor>ffffffff</textcolor>
                <!-- <label>$ADDON[script.tvgnuke 30604]</label> -->
                <texturefocus>preview_on.png</texturefocus>
                <texturenofocus>preview_off.png</texturenofocus>
                <onup>102</onup>
                <onleft>2001</onleft>
                <onright>2003</onright>
            </control>
            <control type="button" id="2003"><!-- SAVE Button (FAVOURITES) -->
                <posx>580</posx>
                <posy>-75</posy>
                <width>36</width>
                <height>36</height>
                <align>center</align>
                <aligny>center</aligny>
                <font>font13</font>
                <textcolor>ffffffff</textcolor>
                <!-- <label>$ADDON[script.tvgnuke 30605]</label> -->
                <texturefocus>save_focus.png</texturefocus>
                <texturenofocus>save.png</texturenofocus>
                <onup>102</onup>
                <onleft>2002</onleft>
                <onright>2004</onright>
                <ondown>2004</ondown>
            </control>
            <control type="button" id="2004"> <!-- CANCEL Button (FAVOURITES) -->
                <posx>580</posx>
                <posy>-25</posy>
                <width>36</width>
                <height>36</height>
                <align>center</align>
                <aligny>center</aligny>
                <font>font13</font>
                <textcolor>ffffffff</textcolor>
                <!-- <label>$ADDON[script.tvgnuke 30606]</label> -->
                <texturefocus>cancel_focus.png</texturefocus>
                <texturenofocus>cancel.png</texturenofocus>
                <onup>102</onup>
                <onleft>2003</onleft>
                <ondown>2003</ondown>
            </control>

        </control>


        <control type="group" id="3000"> <!-- ADDONS -->
            <posx>630</posx>
            <posy>170</posy>
            <width>550</width>
            <height>400</height>
            <visible>StringCompare(Control.GetLabel(100),addons)</visible>

            <control type="image">
                <posx>-10</posx>
                <posy>25</posy>
                <width>12</width>
                <height>100</height>
                <texture>tvguide-channel-leftarrow.png</texture>
            </control>

            <control type="wraplist" id="3001"> <!-- Addon image box -->
                <posx>0</posx>
                <posy>0</posy>
                <width>150</width>
                <height>150</height>
                <viewtype label="list">list</viewtype>
                <orientation>horizontal</orientation>
                <focusposition>0</focusposition>
                <onup>103</onup>
                <ondown>3002</ondown>

                <itemlayout width="150" height="150">
                    <control type="image">
                        <posx>0</posx>
                        <posy>0</posy>
                        <width>150</width>
                        <height>150</height>
                        <texture>tvguide-program-grey.png</texture>
                    </control>
                    <control type="image">
                        <posx>0</posx>
                        <posy>0</posy>
                        <width>160</width>
                        <height>160</height>
                        <info>ListItem.Icon</info>
                    </control>
                </itemlayout>
                <focusedlayout width="150" height="150">
                    <control type="image">
                        <posx>0</posx>
                        <posy>0</posy>
                        <width>160</width>
                        <height>160</height>
                        <texture>tvguide-program-grey.png</texture>
                        <visible>!Control.HasFocus(3001)</visible>
                    </control>
                    <control type="image">
                        <posx>0</posx>
                        <posy>0</posy>
                        <width>160</width>
                        <height>160</height>
                        <texture>red.png</texture>
                        <visible>Control.HasFocus(3001)</visible>
                    </control>
                    <control type="image">
                        <posx>5</posx>
                        <posy>5</posy>
                        <width>140</width>
                        <height>140</height>
                        <info>ListItem.Icon</info>
                    </control>
                </focusedlayout>
            </control>

            <control type="label" id="3003"> <!-- ADDON TITLE --> 
                <posx>170</posx>
                <posy>-10</posy>
                <width>330</width>
                <height>40</height>
                <label>[B]plugin.video.xxx[/B]</label>
            </control>
            <control type="textbox" id="3004"> <!-- Description of Addon -->
                <posx>170</posx>
                <posy>40</posy>
                <width>350</width>
                <height>110</height>
                <label>description...</label>
                <wrapmultiline>true</wrapmultiline>
                <autoscroll time="1800" delay="3000" repeat="6000">true</autoscroll>
            </control>

            <control type="list" id="3002"> <!-- List of Channels within Selected Addon -->
                <posx>0</posx>
                <posy>165</posy>
                <width>550</width>
                <height>248</height>
                <viewtype label="list">list</viewtype>
                <orientation>vertical</orientation>
                <focusposition>7</focusposition>
                <onleft>3001</onleft>
                <onright>3005</onright>

                <itemlayout width="550" height="31">
                    <control type="image">
                        <posx>0</posx>
                        <posy>0</posy>
                        <width>560</width>
                        <height>31</height>
                        <!-- <texture>tvguide-program-grey.png</texture> -->
                    </control>
                    <control type="label">
                        <posx>16</posx>
                        <posy>0</posy>
                        <width>550</width>
                        <height>31</height>
                        <aligny>center</aligny>
                        <font>font13</font>
                        <textcolor>ffffffff</textcolor>
                        <info>ListItem.Label</info>
                    </control>
                </itemlayout>
                <focusedlayout width="550" height="31">
                    <control type="image">
                        <posx>0</posx>
                        <posy>0</posy>
                        <width>550</width>
                        <height>31</height>
                        <texture>tvguide-program-grey.png</texture><!-- remove texture, use green marker once item picked in list and focus has left -->
                        <visible>!Control.HasFocus(3002)</visible>
                    </control>
                    <control type="image">
                        <posx>0</posx>
                        <posy>0</posy>
                        <width>550</width>
                        <height>31</height>
                        <texture>red.png</texture>
                        <visible>Control.HasFocus(3002)</visible>
                    </control>
                    <control type="label">
                        <posx>16</posx>
                        <posy>0</posy>
                        <width>550</width>
                        <height>31</height>
                        <aligny>center</aligny>
                        <font>font13</font>
                        <textcolor>ffffffff</textcolor>
                        <info>ListItem.Label</info>
                    </control>
                    <control type="image">
                        <posx>520</posx>
                        <posy>5</posy>cc
                        <width>20</width>
                        <height>20</height>
                        <texture>tvguide-categories-visible.png</texture>
                    </control>
                </focusedlayout>
            </control>

            <control type="button" id="3005"> <!-- Preview Stream (ADDONS) -->
                <posx>0</posx>
                <posy>450</posy>
                <width>175</width>
                <height>34</height>
                <align>center</align>
                <aligny>center</aligny>
                <font>font13</font>
                <textcolor>ffffffff</textcolor>
                <!-- <label>$ADDON[script.tvgnuke 30604]</label> -->
                <texturefocus>preview_on.png</texturefocus>
                <texturenofocus>preview_off.png</texturenofocus>
                <onup>103</onup>
                <onleft>3002</onleft>
                <onright>3006</onright>
            </control>
            <control type="button" id="3006"> <!-- SAVE BUTTON (ADDONS) -->
                <posx>580</posx>
                <posy>-75</posy>
                <width>36</width>
                <height>36</height>
                <align>center</align>
                <aligny>center</aligny>
                <font>font13</font>
                <textcolor>ffffffff</textcolor>
                <!-- <label>$ADDON[script.tvgnuke 30605]</label> -->
                <texturefocus>save_focus.png</texturefocus>
                <texturenofocus>save.png</texturenofocus>
                <onup>103</onup>
                <onleft>3005</onleft>
                <onright>3007</onright>
                <ondown>3007</ondown>
            </control>
            <control type="button" id="3007"><!-- CANCEL BUTTON (ADDONS) -->
                <posx>580</posx>
                <posy>-25</posy>
                <width>36</width>
                <height>36</height>
                <align>center</align>
                <aligny>center</aligny>
                <font>font13</font>
                <textcolor>ffffffff</textcolor>
                <!-- <label>$ADDON[script.tvgnuke 30606]</label> -->
                <texturefocus>cancel_focus.png</texturefocus>
                <texturenofocus>cancel.png</texturenofocus>
                <onup>103</onup>
                <onleft>3006</onleft>
                <ondown>3006</ondown>
            </control>

        </control>
        
<!--MASHUP COMPLETE SECTION BELOW -->

        <control type="group" id="4000">
            <posx>630</posx>
            <posy>170</posy>
            <width>550</width>
            <height>400</height>
            <visible>StringCompare(Control.GetLabel(100),mashup)</visible>

            <control type="image">
                <posx>-10</posx>
                <posy>25</posy>
                <width>12</width>
                <height>100</height>
                <texture>tvguide-channel-leftarrow.png</texture>
            </control>

            <control type="wraplist" id="4001">
                <posx>0</posx>
                <posy>0</posy>
                <width>150</width>
                <height>150</height>
                <viewtype label="list">list</viewtype>
                <orientation>horizontal</orientation>
                <focusposition>0</focusposition>
                <onup>104</onup>
                <ondown>4002</ondown>

                <itemlayout width="150" height="150">
                    <control type="image">
                        <posx>0</posx>
                        <posy>0</posy>
                        <width>150</width>
                        <height>150</height>
                        <texture>tvguide-program-grey.png</texture>
                    </control>
                    <control type="image">
                        <posx>0</posx>
                        <posy>0</posy>
                        <width>160</width>
                        <height>160</height>
                        <info>ListItem.Icon</info>
                    </control>
                </itemlayout>
                <focusedlayout width="150" height="150">
                    <control type="image">
                        <posx>0</posx>
                        <posy>0</posy>
                        <width>212</width>
                        <height>212</height>
                        <texture>tvguide-program-grey.png</texture>
                        <visible>!Control.HasFocus(4001)</visible>
                    </control>
                    <control type="image">
                        <posx>0</posx>
                        <posy>0</posy>
                        <width>160</width>
                        <height>160</height>
                        <texture>red.png</texture>
                        <visible>Control.HasFocus(4001)</visible>
                    </control>
                    <control type="image">
                        <posx>5</posx>
                        <posy>5</posy>
                        <width>140</width>
                        <height>140</height>
                        <info>ListItem.Icon</info>
                    </control>
                </focusedlayout>
            </control>

            <control type="label" id="4003">
                <posx>170</posx>
                <posy>-10</posy>
                <width>330</width>
                <height>40</height>
                <label>[B]plugin.video.xxx[/B]</label>
            </control>
            <control type="textbox" id="4004">
                <posx>170</posx>
                <posy>40</posy>
                <width>350</width>
                <height>110</height>
                <label>description...</label>
                <wrapmultiline>true</wrapmultiline>
                <autoscroll time="1800" delay="3000" repeat="6000">true</autoscroll>
            </control>

            <control type="list" id="4002">
                <posx>0</posx>
                <posy>165</posy>
                <width>550</width>
                <height>248</height>
                <viewtype label="list">list</viewtype>
                <orientation>vertical</orientation>
                <focusposition>7</focusposition>
                <onleft>4001</onleft>
                <onright>4005</onright>
                <itemlayout width="550" height="31">
                    <control type="image">
                        <posx>0</posx>
                        <posy>0</posy>
                        <width>550</width>
                        <height>31</height>
                        <!-- <texture>tvguide-program-grey.png</texture> -->
                    </control>
                    <control type="label">
                        <posx>16</posx>
                        <posy>0</posy>
                        <width>550</width>
                        <height>31</height>
                        <aligny>center</aligny>
                        <font>font13</font>
                        <textcolor>ffffffff</textcolor>
                        <info>ListItem.Label</info>
                    </control>
                </itemlayout>
                <focusedlayout width="550" height="31">
                    <control type="image">
                        <posx>0</posx>
                        <posy>0</posy>
                        <width>550</width>
                        <height>31</height>
                        <texture>tvguide-program-grey.png</texture>
                        <visible>!Control.HasFocus(4002)</visible>
                    </control>
                    <control type="image">
                        <posx>0</posx>
                        <posy>0</posy>
                        <width>550</width>
                        <height>31</height>
                        <texture>red.png</texture>
                        <visible>Control.HasFocus(4002)</visible>
                    </control>
                    <control type="label">
                        <posx>16</posx>
                        <posy>0</posy>
                        <width>550</width>
                        <height>31</height>
                        <aligny>center</aligny>
                        <font>font13</font>
                        <textcolor>ffffffff</textcolor>
                        <info>ListItem.Label</info>
                    </control>
                    <control type="image">
                        <posx>520</posx>
                        <posy>5</posy>
                        <width>20</width>
                        <height>20</height>
                        <texture>tvguide-categories-visible.png</texture>
                    </control>
                </focusedlayout>
            </control>

            <control type="button" id="4005">
                <posx>0</posx>
                <posy>450</posy>
                <width>175</width>
                <height>34</height>
                <align>center</align>
                <aligny>center</aligny>
                <font>font13</font>
                <textcolor>ffffffff</textcolor>
                <!-- <label>$ADDON[script.tvgnuke 30604]</label> -->
                <texturefocus>preview_on.png</texturefocus>
                <texturenofocus>preview_off.png</texturenofocus>
                <onleft>4002</onleft>
                <onright>4006</onright>
                <onup>4002</onup>
            </control>
            <control type="button" id="4006">
                <posx>580</posx>
                <posy>-75</posy>
                <width>36</width>
                <height>36</height>
                <align>center</align>
                <aligny>center</aligny>
                <font>font13</font>
                <textcolor>ffffffff</textcolor>
                <!-- <label>$ADDON[script.tvgnuke 30605]</label> -->
                <texturefocus>save_focus.png</texturefocus>
                <texturenofocus>save.png</texturenofocus>>
                <onup>103</onup>
                <onleft>4005</onleft>
                <onright>4007</onright>
                <ondown>4007</ondown>
            </control>
            <control type="button" id="4007">
                <posx>580</posx>
                <posy>-25</posy>
                <width>36</width>
                <height>36</height>
                <align>center</align>
                <aligny>center</aligny>
                <font>font13</font>
                <textcolor>ffffffff</textcolor>
                <!-- <label>$ADDON[script.tvgnuke 30606]</label> -->
                <texturefocus>cancel_focus.png</texturefocus>
                <texturenofocus>cancel.png</texturenofocus>
                <onup>103</onup>
                <onleft>4006</onleft>
                <ondown>4007</ondown>
            </control>
        </control>
    </controls>
</window>