#START OF FILE#


<item>
<name>Live Tv Links</name>
<url>https://www.reddit.com/r/LiveTvLinks</url>
</item>

<item>
<name>MMA Streams</name>
<url>https://www.reddit.com/r/MMAStreams</url>
</item>

<item>
<name>Motor Sports Streams</name>
<url>https://www.reddit.com/r/motorsportsstreams</url>
</item>

<item>
<name>NHL Streams</name>
<url>https://www.reddit.com/r/NHLStreams</url>
</item>

<item>
<name>Soccer Streams</name>
<url>https://www.reddit.com/r/soccerstreams</url>
</item>

<item>
<name>NBA Streams</name>
<url>https://www.reddit.com/r/nbastreams</url>
</item>

<item>
<name>MLB Streams</name>
<url>https://www.reddit.com/r/MLBStreams</url>
</item>
